,Comp,OmnibusLR,Type,LRX,LRY,LRZ
1,1,6.441267688,wi,2.049639335,1.443406941,1.699479693
2,2,-1.567972348,wi,0.615239692,-0.12397718,0.093581414
3,3,6.479726072,wi,2.095204156,1.311597754,1.655385946
4,4,-0.771909741,wi,0.163902971,0.710053461,0.017938145
5,5,6.288882026,wi,1.999464457,1.723320016,1.731142139
6,6,2.736532663,wi,1.229962137,0.576669543,0.783033587
7,7,6.812613098,wi,2.325334355,1.466513976,1.8943311
8,8,2.683325627,wi,1.338966877,0.441539852,0.793037763
9,9,6.348195155,wi,1.994033424,1.355087451,1.668102968
10,10,4.558256476,wi,1.487292877,0.893676957,1.187568995
11,11,6.760778548,wi,3.069916314,1.806336046,2.548671434
12,12,4.062740147,wi,4.18128802,2.87526376,3.863254941
13,13,6.313311533,wi,2.302495089,2.540822162,3.066195397
14,14,-0.659146335,wi,0.778452937,0.052687322,0.15280692
15,15,5.881237487,wi,2.448424184,3.185943459,2.721302007
16,16,6.861094977,wi,2.437124727,1.561947903,1.919140739
17,17,2.400987408,wi,0.82158437,0.907492138,0.859974316
18,18,3.940553914,wi,4.184034432,2.965278221,3.965565668
19,19,3.953587452,wi,1.696734249,0.503257054,1.002872016
20,20,6.460620635,wi,2.081826196,1.581881704,1.724568545
21,21,4.711066712,wi,1.315093697,1.509418662,1.473641099
22,22,5.624746484,wi,1.732204067,1.155024128,1.390809154
23,23,6.278062523,wi,3.258484924,1.002138098,1.740132786
24,24,3.734821895,wi,1.601022603,0.517066111,0.964356824
25,25,5.465559604,wi,1.637850427,1.42817979,1.362283391
26,26,4.597191875,wi,1.787433459,0.638215697,1.104958774
27,27,6.752886519,wi,2.48324694,1.708033598,1.754247961
28,28,3.96464924,wi,1.707489785,0.50386143,0.988834624
29,29,5.765265523,wi,1.763205662,1.220859419,1.44505843
30,30,3.085456261,wi,1.292285834,0.549334545,1.019965828
31,31,6.534275125,wi,2.113492666,1.353538704,1.708033598
32,32,5.042852104,wi,3.426218396,3.248438511,3.926716525
33,33,6.673521054,wi,2.289611296,1.927760726,2.145475039
34,34,4.049933051,wi,1.858966302,0.396827915,1.060945035
35,35,6.146209203,wi,3.449037889,1.036062899,1.877340657
36,36,5.355851301,wi,1.576315368,1.281239354,1.423855043
37,37,6.669928007,wi,2.205313992,1.580853236,1.87473633
38,38,5.837242896,wi,1.939187603,0.992547822,1.379294922
39,39,6.98157079,wi,2.655359439,1.570509956,2.173398534
40,40,-6.214092637,wi,-1.603952982,-0.009343515,-0.783947545
1100,41,6.891209969,bw,2.3739844,1.337130377,2.005404721
2100,42,-3.450119904,bw,-2.473136194,1.265284249,0.117871921
3100,43,0.730852861,bw,2.015182981,-9.210340372,-9.207878405
4100,44,-6.274535978,bw,-8.786904379,-9.21034036,-9.210318002
5100,45,-6.294470024,bw,-2.669310373,-1.657053766,2.06700199
6100,46,-6.764580272,bw,-9.210340369,-1.933783969,-9.016419679
781,47,0.468488388,bw,-0.442699795,1.437723896,1.922656144
810,48,-6.506369029,bw,-9.210340356,-1.131962268,-8.600792215
910,49,-5.813368889,bw,-9.210340372,-7.619473845,-9.210335965
1010,50,-5.670957639,bw,-9.210340372,-9.209827903,-9.210340372
1110,51,-5.822000094,bw,-9.210340372,-9.210340372,-9.210340372
1210,52,-5.82192234,bw,-9.210340372,-9.210340372,-9.210340372
1310,53,-7.69056913,bw,-9.210340372,-3.830443018,-1.435064525
1410,54,-5.82193206,bw,-9.210340372,-9.210340372,-9.210340372
1510,55,-5.82192234,bw,-9.210340372,-9.210340372,-9.210340372
1610,56,5.901944773,bw,1.750954836,1.80222122,1.981428964
1710,57,-5.82192234,bw,-9.210340372,-9.210340372,-9.210340372
1810,58,-6.176190532,bw,-9.210340372,-9.061058669,-9.210302273
1910,59,-3.526013696,bw,-0.474975971,-0.904115156,2.030789493
2010,60,-7.26617361,bw,-1.525096764,-0.569337895,-1.092729626
2110,61,3.653697967,bw,2.436250227,-0.150009267,1.336342272
2210,62,-5.913818998,bw,-9.210340372,-6.592214878,-9.019389488
2310,63,5.790354034,bw,1.721712471,1.585165711,1.649254602
2410,64,-7.206793101,bw,-1.566378423,-8.680418253,-6.023987739
2510,65,5.196771619,bw,2.443224911,0.42009096,1.619408045
2610,66,-5.435321719,bw,-9.210340372,-9.200281136,0.625991905
2710,67,0.771257149,bw,-0.275753502,1.509197599,1.911185599
2810,68,5.929561721,bw,1.888598782,1.122035804,1.425298705
2910,69,-5.879925179,bw,-9.210340372,-9.210340372,-9.210340372
3010,70,-7.605721408,bw,-1.855338451,-9.044825933,-6.733801972
3110,71,-5.82192234,bw,-9.210340372,-9.210340372,-9.210340372
3210,72,-6.258604694,bw,-9.21034037,-9.194703271,-9.210329252
3310,73,-5.483606987,bw,-3.068518043,0.608732429,-0.700373226
3410,74,-6.983707306,bw,-9.210340372,-3.366506142,-9.209888074
3510,75,-2.358133166,bw,-3.437031835,1.496067626,1.509860642
3610,76,-5.685874024,bw,-9.177292518,-7.357015547,-8.852665928
3710,77,2.162512777,bw,0.359141899,1.679728608,1.901226541
3810,78,-5.770247794,bw,-9.210340372,-6.328897245,-9.210340372
3910,79,-5.951420946,bw,-9.015760918,-6.081826987,-8.098482857
4010,80,-6.338532158,bw,-1.310445049,-0.236228791,-0.782415648
41,81,0.991504693,bw,2.309570637,-9.210340372,-9.210171886
42,82,-6.367278979,bw,-7.700280904,-9.210340372,-9.210339275
43,83,-6.243899046,bw,-4.006333685,-4.818734763,1.942919969
44,84,-6.21218943,bw,-9.210340308,-5.221356325,-9.189087816
45,85,-3.407103637,bw,-1.472724089,0.08075015,2.079329035
46,86,-6.558218556,bw,-9.21034005,-4.104394898,-9.119156877
47,87,-6.244919429,bw,-9.210340372,-9.18671174,-9.210340185
48,88,-6.122985465,bw,-9.210340372,-9.21033986,-9.210340372
49,89,-6.054071833,bw,-9.210340372,-9.210340372,-9.210340372
50,90,-5.82192234,bw,-9.210340372,-9.210340372,-9.210340372
51,91,-6.121556006,bw,-9.210340372,-7.593728256,-0.448790233
52,92,-5.874286598,bw,-9.210340372,-9.210340372,-9.210340372
53,93,-5.82192234,bw,-9.210340372,-9.210340372,-9.210340372
54,94,6.571545476,bw,2.145475039,1.460032622,1.721354887
55,95,-5.832844859,bw,-9.210340372,-9.210340372,-9.210340372
56,96,-6.06726932,bw,-9.210340372,-6.439002432,-9.209905167
57,97,2.15542727,bw,0.414821203,0.96091987,2.083321505
58,98,-3.921880829,bw,-2.723113079,1.157855565,-0.158644093
59,99,1.453016917,bw,2.421265504,-2.633731537,0.754289316
60,100,-6.34036704,bw,-9.210340372,-9.105530008,-8.347450417
61,101,4.433342256,bw,1.172513097,1.799909501,1.948492526
62,102,-8.655629945,bw,-2.772428735,-5.320562975,-4.540319214
63,103,6.812749022,bw,2.385095523,1.635709765,1.93443022
64,104,-4.744160072,bw,-9.210340372,-9.210323112,1.23608175
65,105,2.522800136,bw,0.571036042,1.83499455,1.600013643
66,106,2.506395419,bw,2.227872323,-0.504843552,0.88215467
67,107,-5.82192234,bw,-9.210340372,-9.210340372,-9.210340372
68,108,-5.838425004,bw,-0.77479117,-9.20976084,-8.23163838
69,109,-5.82192234,bw,-9.210340372,-9.210340372,-9.210340372
70,110,-5.761637887,bw,-9.210340372,-7.999590583,-9.210200982
71,111,-8.518892492,bw,-1.825109449,-1.438008797,-1.77254525
72,112,-5.854188003,bw,-9.210340372,-7.036043299,-9.206017728
73,113,-4.061169046,bw,-4.856713212,0.2539443,1.86502542
74,114,-5.831911176,bw,-8.968571357,-9.172948253,-9.163943546
75,115,4.072627374,bw,1.09630964,1.740834528,1.57776147
76,116,-5.697425548,bw,-9.210340372,-9.075634669,-9.210340372
77,117,-7.568977297,bw,-9.18590145,-2.597090391,-6.663241702
78,118,-5.484372961,bw,0.019900662,-9.210340372,-5.206832676
79,119,-1.97527652,bw,0.921517051,-9.210312102,-8.040959012
80,120,-3.175535873,bw,-9.209989534,0.531275101,0.362627194
81,121,-5.037488676,bw,-7.997804337,0.375761629,-2.471714056
82,122,-3.239017956,bw,-9.177195773,1.773442737,-1.150432037
83,123,-4.218195893,bw,-7.208860372,0.846340259,-1.672910335
84,124,-6.786688797,bw,-9.210275334,-3.728868462,-8.63013795
85,125,-6.061959474,bw,-9.210340372,-9.028102152,-9.210340372
86,126,-5.82192234,bw,-9.210340372,-9.210340372,-9.210340372
87,127,-5.82192234,bw,-9.210340372,-9.210340372,-9.210340372
88,128,-6.540959708,bw,-9.210340372,-0.848632083,-8.117746156
89,129,-5.82192234,bw,-9.210340372,-9.210340372,-9.210340372
90,130,-5.82192234,bw,-9.210340372,-9.210340372,-9.210340372
91,131,1.900115967,bw,0.531862783,1.129497072,0.891629119
92,132,-5.82192234,bw,-9.210340372,-9.210340372,-9.210340372
93,133,-5.733582273,bw,-9.210340372,-9.209740552,-9.210340372
94,134,0.090099112,bw,2.195011018,-3.787595427,-0.531879033
95,135,-7.254792726,bw,-9.207261118,-3.324514157,-7.679296527
96,136,-1.5249728,bw,-1.944910649,1.345237964,1.780715374
97,137,-6.973433121,bw,-9.210340372,-2.886339897,-9.210338187
98,138,-5.833592317,bw,-6.629366253,0.362627194,-2.063568193
99,139,-6.238697897,bw,-9.207603122,-9.206769754,-9.20895633
100,140,-9.025096709,bw,-2.24243117,-1.815232825,-2.190149664
101,141,-6.687341386,bw,-9.210340372,-8.025244623,-4.580477573
102,142,3.901460513,bw,2.141723613,0.166446208,1.087585045
103,143,1.943068926,bw,0.319253411,1.76474792,1.719744178
104,144,-6.155371971,bw,-9.210340372,-9.210340296,-9.210340372
105,145,1.117086951,bw,2.446694095,-6.091948086,-0.358247608
106,146,-5.82192234,bw,-9.210340372,-9.210340372,-9.210340372
107,147,-5.677916846,bw,-9.210340372,-9.210304733,-9.210340372
108,148,6.87201691,bw,2.464712446,1.65576791,2.02036806
109,149,-5.954663485,bw,-9.210340372,-0.55809195,-9.210340371
110,150,-3.541132831,bw,-9.210255996,1.744510617,-2.470648778
111,151,-6.336917293,bw,-0.186932169,-3.531192178,-2.141316945
112,152,4.634160237,bw,1.855219284,0.598341873,1.113862084
113,153,-7.068370687,bw,-9.210340372,-2.626792847,-9.20994565
114,154,-6.12932242,bw,-9.210340372,-9.011817436,-9.210305813
115,155,-1.742767082,bw,-5.576445226,1.301308205,2.040843635
116,156,-7.153867405,bw,-5.981910334,-9.210327262,-9.204015417
117,157,-4.231965804,bw,-9.210336675,-9.210321022,1.957570474
118,158,-7.931942292,bw,-3.07954876,-9.210340372,-9.210266125
119,159,-4.713390871,bw,-9.210323952,-9.210338221,1.672807
120,160,-4.224532999,bw,-9.210340372,-8.896698198,1.882833416
121,161,-7.503701,bw,-9.210340372,-2.648037531,-7.187601466
122,162,-5.82192234,bw,-9.210340372,-9.210340372,-9.210340372
123,163,-5.60300959,bw,-9.210340372,-8.982249081,-9.210340372
124,164,-5.710202591,bw,-9.210340372,-9.209330882,-9.210340372
125,165,-5.82192234,bw,-9.210340372,-9.210340372,-9.210340372
126,166,-5.82192234,bw,-9.210340372,-9.210340372,-9.210340372
127,167,1.211702374,bw,2.423926236,-9.210340372,-9.178890156
128,168,-5.82192234,bw,-9.210340372,-9.210340372,-9.210340372
129,169,-5.82165138,bw,-9.210340372,-9.210340372,-9.210340372
130,170,-0.731611589,bw,1.364840872,-9.210340372,-9.209923359
131,171,-7.439446819,bw,-4.545016263,-9.210340372,-9.210340372
132,172,0.429600249,bw,2.152006359,-9.210340249,-8.174312958
133,173,-5.705236407,bw,-9.210340372,-9.089362445,-9.210340372
134,174,-3.983715566,bw,0.198112882,-9.210340372,-9.210330302
135,175,-7.320206211,bw,-4.605170186,-9.210340372,-9.210340372
136,176,0.750162748,bw,2.059379131,-9.210340372,-9.21033386
137,177,-6.521401355,bw,-9.210340372,-4.601975295,-9.210340336
138,178,-0.322567626,bw,1.467205922,-9.210340372,-9.137963898
139,179,0.693050734,bw,2.436250227,-9.210340372,-8.302888589
140,180,-3.042799379,bw,-9.210340372,2.429226554,-9.210281044
141,181,-1.71190576,bw,0.442825117,-6.575577967,0.979115285
142,182,-5.445306027,bw,-9.210340372,-6.652338167,-9.210340372
143,183,-5.820699913,bw,-9.210340372,-9.210340372,-9.210340372
144,184,-6.487990249,bw,-0.387281438,-9.210340368,-3.946096986
145,185,-5.672259268,bw,-9.210340372,-9.209674794,-9.210340372
146,186,-6.931348428,bw,-6.890504926,-9.210340372,-9.210336475
147,187,-4.279345974,bw,-7.647365334,-8.862010149,1.881920049
148,188,0.515509011,bw,1.839612687,-9.210340372,-9.138643161
149,189,-6.552322328,bw,-9.210340372,-9.169726399,-0.338273859
150,190,-5.808779713,bw,-9.209197026,-9.210340372,-9.210340372
151,191,-6.090329037,bw,-9.210340371,-8.969514086,-9.210273394
152,192,-5.331661016,bw,-1.5847453,-8.88789462,1.03322007
153,193,-6.253635459,bw,-9.210340082,-9.210335843,-9.210339917
154,194,-5.371245147,bw,-0.966269102,-9.138010408,0.523011079
155,195,-4.689825784,bw,-8.286478375,-3.254762103,2.393348589
156,196,-3.483613178,bw,-9.210340372,1.150920068,-3.958066944
157,197,-5.82192234,bw,-9.210340372,-9.210340372,-9.210340372
158,198,-5.813425601,bw,-9.210340372,-9.21033393,-9.210340372
159,199,-5.334113875,bw,-9.210340372,-7.160971515,-9.210340372
160,200,-5.82192234,bw,-9.210340372,-9.210340372,-9.210340372
161,201,-5.82192234,bw,-9.210340372,-9.210340372,-9.210340372
162,202,-8.24313222,bw,-4.638623562,-9.210340367,-9.209938653
163,203,-5.82192234,bw,-9.210340372,-9.210340372,-9.210340372
164,204,-5.82192234,bw,-9.210340372,-9.210340372,-9.210340372
165,205,-5.821754811,bw,-0.752472647,-9.210340372,-9.210337237
166,206,-5.717564251,bw,-9.210340361,-9.210340372,-9.210340372
167,207,-5.83592226,bw,-8.380915573,-9.20222638,-9.169851233
168,208,-6.241826166,bw,-9.210340372,-4.004138294,-9.210340372
169,209,-6.547286,bw,-9.209266948,-9.210340372,-9.210340319
170,210,-5.717376702,bw,-9.210340362,-9.210340372,-9.210340372
171,211,-5.825269416,bw,-8.60580585,-9.210340372,-9.21034034
172,212,-4.473227264,bw,-9.210340372,0.139848895,-9.210340372
173,213,-6.147596638,bw,-0.859910398,-9.210340372,-9.209257958
174,214,-7.522241154,bw,-4.964849639,-9.210266335,-9.177476358
175,215,-2.778581878,bw,-9.210340372,2.273372531,-9.198757711
176,216,-3.587789414,bw,0.549334545,-1.066822966,-0.524417577
177,217,-5.677058697,bw,-9.210340372,-9.20910114,-9.210340372
178,218,-5.82192234,bw,-9.210340372,-9.210340372,-9.210340372
179,219,-1.581230989,bw,1.19546673,-9.209788724,-6.814356015
180,220,-5.282430074,bw,-9.210340372,-7.470400651,-9.210340372
181,221,-6.228475775,bw,-9.210340372,-9.210335371,-9.210340353
182,222,1.676734697,bw,2.394261406,-3.240610317,0.917929389
183,223,-7.419766576,bw,-1.729348209,-9.210340372,-9.209291922
184,224,-4.996661063,bw,-9.210340372,-4.658992993,1.305924517
185,225,-5.82192234,bw,-9.210340372,-9.210340372,-9.210340372
186,226,-2.539106667,bw,-9.210340372,1.82230484,-8.827325393
187,227,4.48727004,bw,2.145592044,0.20057069,1.843260242
188,228,-2.718095237,bw,-9.210340372,1.795436036,-8.203477942
189,229,-4.261514924,bw,-9.210340372,0.354241987,-9.210326302
190,230,-6.224402265,bw,-9.210340372,-4.066340366,-9.210340372
191,231,-5.82192234,bw,-9.210340372,-9.210340372,-9.210340372
192,232,-5.82192234,bw,-9.210340372,-9.210340372,-9.210340372
193,233,-3.331535755,bw,-9.21033945,1.592108624,-1.708153885
194,234,-5.717577559,bw,-9.210340157,-9.210340372,-9.210340372
195,235,-5.82192234,bw,-9.210340372,-9.210340372,-9.210340372
196,236,-5.540840478,bw,-6.97603412,-1.991430664,2.019837493
197,237,-5.82192234,bw,-9.210340372,-9.210340372,-9.210340372
198,238,-6.335439206,bw,-8.551991697,-9.210340365,-9.210316182
199,239,-4.188776317,bw,-9.191773802,-8.962465184,1.979773129
200,240,0.643898317,bw,2.391520451,-8.775704887,-1.355183366
201,241,-2.351702044,bw,-3.146787748,1.592108624,1.474785892
202,242,-3.072016442,bw,-9.210340372,0.75099147,-9.079663048
203,243,-1.975781116,bw,0.505672369,-3.604170726,1.53322619
204,244,0.091217785,bw,2.396994868,-9.210340297,-6.370677284
205,245,-5.555980371,bw,-2.747154921,-7.280704795,1.498975515
206,246,-6.295218675,bw,-9.21034037,-2.428375099,0.434441216
207,247,-4.810502932,bw,-9.175204915,-4.007983397,1.965306531
208,248,-2.328661798,bw,-6.351573953,0.734816816,1.551829986
209,249,-5.691051009,bw,-9.210340372,-9.207338881,-9.210340372
210,250,-7.255245721,bw,-9.209087158,-1.041003976,-6.162964865
211,251,-5.82192234,bw,-9.210340372,-9.210340372,-9.210340372
212,252,-6.635331276,bw,-7.967050705,-9.210340372,-9.210333338
213,253,-2.728301072,bw,-9.210243357,1.207197599,-0.39705061
214,254,-2.58023871,bw,-9.210340372,1.659579544,-9.210050214
215,255,4.204182101,bw,2.441485795,0.093581414,1.379294922
216,256,-3.999225135,bw,-9.210340372,0.422715462,-8.567329261
217,257,-4.807491429,bw,-9.072406186,-3.174141494,1.958699445
218,258,-2.740867984,bw,-9.210340372,0.915130059,-9.210340372
219,259,-2.153468679,bw,0.824219302,-9.210326462,-8.347028565
220,260,-4.937592684,bw,-9.210340372,0.019900662,-9.200142547
221,261,6.90017154,bw,2.686492835,1.777846464,2.203880158
222,262,1.761828728,bw,0.988462545,0.503257054,0.705125157
223,263,-6.639523497,bw,-9.210340163,-3.80766299,-9.091224891
224,264,-5.82192234,bw,-9.210340372,-9.210340372,-9.210340372
225,265,-5.82192234,bw,-9.210340372,-9.210340372,-9.210340372
226,266,-2.441263614,bw,-9.210340372,1.658627997,-9.210340363
227,267,-5.82192234,bw,-9.210340372,-9.210340372,-9.210340372
228,268,-5.82192234,bw,-9.210340372,-9.210340372,-9.210340372
229,269,-7.074097231,bw,-9.210320872,-2.282782466,-8.144595687
230,270,-5.82192234,bw,-9.210340372,-9.210340372,-9.210340372
231,271,-6.160990209,bw,-9.210340372,-9.21034037,-9.210340372
232,272,-6.032304973,bw,-9.173777033,-9.064596358,-9.165959916
233,273,-6.025067998,bw,-9.210340372,-8.941382509,-9.210340347
234,274,-3.231107728,bw,-9.210340358,1.532794421,-5.178758131
235,275,-2.349800071,bw,-9.210340372,0.87966824,-9.210340372
236,276,-6.805607978,bw,-9.210340372,-3.958590641,-9.208642814
237,277,-6.159234191,bw,-9.210340372,-9.210340344,-9.210340372
238,278,-5.716914136,bw,-9.210340365,-7.684066701,-9.209155075
239,279,-7.060188081,bw,-9.210340372,-2.198225078,-9.210328892
240,280,-6.926890113,bw,-9.17567811,-4.378831744,-7.633012513
241,281,-4.294575914,bw,-9.210327132,0.593934395,-5.368096261
242,282,-6.162380388,bw,-9.210340372,-9.20601275,-9.21034018
243,283,-4.091082206,bw,-8.548735459,-0.845599304,1.90242091
244,284,-5.82192234,bw,-9.210340372,-9.210340372,-9.210340372
245,285,-6.032551807,bw,-9.210340372,-9.210340372,-9.210340372
246,286,-3.603587949,bw,-7.499610208,1.103301278,-1.461449035
247,287,-2.008943873,bw,-9.210340372,1.715256323,-9.210340372
248,288,-5.299336769,bw,-9.210340372,-0.090581378,-9.209605342
249,289,0.179392956,bw,-0.054350595,0.56650628,2.235493983
250,290,-7.230265818,bw,-9.205166778,-3.515262338,-7.625195152
251,291,-3.553226374,bw,-9.16771201,1.03712688,-2.653846147
252,292,-5.835760869,bw,-9.210340372,-9.210334554,-9.210340372
253,293,-3.545498892,bw,-9.210340372,0.561385649,-9.164583375
254,294,-6.552239651,bw,-9.210340372,-4.506230238,-9.210340296
255,295,-5.777756574,bw,-9.210340372,-9.156771169,-9.210340372
256,296,-5.82192234,bw,-9.210340372,-9.210340372,-9.210340372
257,297,-5.82192234,bw,-9.210340372,-9.210340372,-9.210340372
258,298,-6.613277465,bw,-9.21034037,-1.356347285,-0.071710848
259,299,-5.717367715,bw,-9.210340372,-9.210340372,-9.210340372
260,300,-5.82192234,bw,-9.210340372,-9.210340372,-9.210340372
261,301,-2.340573639,bw,-3.943513673,1.321249045,1.570093992
262,302,-5.82192234,bw,-9.210340372,-9.210340372,-9.210340372
263,303,-6.19349959,bw,-9.197927729,-9.209251965,-9.208889425
264,304,-4.65730732,bw,-8.454687986,-3.331764607,2.051312092
265,305,0.788239784,bw,2.381405516,-2.879550519,0.193179067
266,306,-1.413888606,bw,-0.816671667,1.157541356,0.489867529
267,307,-7.186394335,bw,-9.210340372,-3.584879864,-7.770742239
268,308,5.032023161,bw,1.742236537,0.631856712,2.017047386
269,309,0.244555554,bw,2.378629047,-9.203902142,-3.895657651
270,310,-3.97388379,bw,-0.52087596,-1.422543494,2.009166599
271,311,-4.305513377,bw,-9.210340372,-8.660832642,1.438673316
272,312,-2.113156486,bw,-8.147700744,0.452412305,1.430813513
273,313,-3.257381934,bw,-3.417936706,1.738200452,0.631324967
274,314,-6.160524562,bw,-9.210340372,-9.210340363,-9.210340372
275,315,-5.691073371,bw,-9.113122921,-6.984312402,-8.582265188
276,316,-5.82192234,bw,-9.210340372,-9.210340372,-9.210340372
277,317,-6.157507584,bw,-9.173410743,-9.210275654,-9.209846494
278,318,-3.457149367,bw,-9.199232296,1.556058233,-2.194627951
279,319,-6.446800826,bw,-9.210340372,-1.027501661,-9.197512996
280,320,6.24511144,bw,1.932839383,1.787935501,1.957288032
281,321,-6.506994867,bw,-9.210340366,-4.281638461,-9.187444494
282,322,-1.705151888,bw,-7.19171097,0.848910845,1.403667569
283,323,-6.405613295,bw,-9.210340372,-3.316764326,-9.210340372
284,324,-6.704660849,bw,-1.029179514,-8.881684317,-5.926801034
285,325,-1.727134317,bw,0.511685254,-0.080234393,0.131115978
286,326,-6.306978679,bw,-9.210340338,-4.925100006,-9.184731106
287,327,-5.82192234,bw,-9.210340372,-9.210340372,-9.210340372
288,328,-5.82192234,bw,-9.210340372,-9.210340372,-9.210340372
289,329,-2.372322847,bw,-9.210340372,1.405385951,-9.210340302
290,330,-5.82192234,bw,-9.210340372,-9.210340372,-9.210340372
291,331,-5.82192234,bw,-9.210340372,-9.210340372,-9.210340372
292,332,-7.240979119,bw,-9.210257895,-1.443076375,-7.18298191
293,333,-5.82192234,bw,-9.210340372,-9.210340372,-9.210340372
294,334,-6.159069579,bw,-9.210340372,-9.210340344,-9.210340372
295,335,-5.58947672,bw,-9.095584135,-8.667725426,-9.034791699
296,336,-5.73321784,bw,-9.210340372,-8.348294655,-9.210340179
297,337,-3.384063372,bw,-9.210340301,1.711651482,-4.169499236
298,338,-3.579887903,bw,-9.210340372,0.382605814,-9.210340372
299,339,-6.909616943,bw,-9.210340372,-2.959786147,-9.20206471
300,340,-6.142436067,bw,-9.210340372,-9.210340092,-9.210340372
301,341,-5.844663831,bw,-9.210340333,-6.536191723,-9.204419932
302,342,-7.032140308,bw,-9.210340372,-3.161786858,-9.210271074
303,343,-7.338161675,bw,-9.10238323,-3.339349978,-6.59440546
304,344,-3.528342056,bw,-9.210284454,1.021407218,-4.354411468
305,345,-6.12890365,bw,-9.210340372,-9.209700277,-9.210340352
306,346,-4.885957496,bw,-7.917532854,-1.637323116,2.075069498
307,347,-5.82192234,bw,-9.210340372,-9.210340372,-9.210340372
308,348,-6.1611272,bw,-9.210340372,-9.210340371,-9.210340372
309,349,-3.647147618,bw,-6.646160541,1.420719942,-0.753321904
310,350,-1.930388065,bw,-9.210340372,1.502765425,-9.210340372
311,351,-3.875153969,bw,-9.210340372,0.460016423,-9.206617311
312,352,-0.080439511,bw,0.431847349,0.004091618,2.209164128
313,353,-7.602639379,bw,-9.192362939,-2.549765222,-6.580612138
314,354,-4.560705694,bw,-9.19938065,0.56650628,-3.63970841
315,355,-5.666956518,bw,-9.210340372,-9.210292893,-9.210340372
316,356,-4.614994858,bw,-9.168037874,0.525379205,-3.368827002
317,357,-5.82192234,bw,-9.210340372,-9.210340372,-9.210340372
318,358,-5.82192234,bw,-9.210340372,-9.210340372,-9.210340372
319,359,-1.913015428,bw,-9.210340372,1.368664871,-9.210340372
320,360,-5.82192234,bw,-9.210340372,-9.210340372,-9.210340372
321,361,-5.82192234,bw,-9.210340372,-9.210340372,-9.210340372
322,362,-5.825044549,bw,-9.210340372,-8.03107018,-9.210249866
323,363,-5.82192234,bw,-9.210340372,-9.210340372,-9.210340372
324,364,-5.82192234,bw,-9.210340372,-9.210340372,-9.210340372
325,365,-6.116911819,bw,-9.210340189,-9.210331672,-9.210339801
326,366,-5.666731848,bw,-9.210340372,-9.210319982,-9.210340372
327,367,-6.447644243,bw,-9.210340372,-1.028340236,-9.198668751
328,368,-2.104925585,bw,-9.210340372,1.910593804,-9.210340372
329,369,-6.118202116,bw,-9.210340372,-9.04567375,-9.210340364
330,370,-5.822038966,bw,-9.210340372,-9.210340372,-9.210340372
331,371,-6.128128177,bw,-9.210340372,-9.20974305,-9.210340367
332,372,-1.965937735,bw,-9.210340372,1.27873699,-9.210340372
333,373,-6.231763317,bw,-9.210340175,-9.12231118,-9.210082205
334,374,-6.854708322,bw,-9.210340372,-3.272804167,-9.200893138
335,375,-5.908383578,bw,-9.21033938,-6.212111218,-9.183474513
336,376,-3.161881488,bw,-9.210322082,1.742936805,-1.015282681
337,377,-5.82193206,bw,-9.210340372,-9.210340372,-9.210340372
338,378,-5.82192234,bw,-9.210340372,-9.210340372,-9.210340372
339,379,-7.32366893,bw,-9.210189283,-2.207274913,-7.636736913
340,380,-1.939544639,bw,-9.210340372,1.237533298,-9.210340372
341,381,-6.515597163,bw,-9.210340372,-4.617546457,-9.210340369
342,382,-2.842747021,bw,-6.05163927,1.948064969,0.581153604
343,383,-6.047373538,bw,-9.210340358,-8.925838351,-9.210092803
344,384,-2.480217933,bw,-3.503230107,1.877952456,1.587008237
345,385,-5.888105006,bw,-9.210340372,-9.210340372,-9.210340372
346,386,-5.82192234,bw,-9.210340372,-9.210340372,-9.210340372
347,387,-5.961403496,bw,-9.210340372,-9.210340372,-9.210340372
348,388,-6.404792038,bw,-9.210340372,-1.885191414,-9.210340372
349,389,-5.82192234,bw,-9.210340372,-9.210340372,-9.210340372
350,390,-5.82192234,bw,-9.210340372,-9.210340372,-9.210340372
351,391,-5.668646154,bw,-9.210340372,-9.210097302,-9.210340372
352,392,-5.82192234,bw,-9.210340372,-9.210340372,-9.210340372
353,393,-5.82192234,bw,-9.210340372,-9.210340372,-9.210340372
354,394,-5.944454328,bw,-9.210340372,-9.210340372,-9.210340372
355,395,-6.078687341,bw,-9.210340372,-9.210340372,-9.210340372
356,396,-5.484903105,bw,-9.210340372,-6.498962381,-9.210340372
357,397,-4.348917381,bw,-9.210340372,0.08075015,-9.210340372
358,398,-5.752114388,bw,-9.210340372,-9.210331801,-9.210340372
359,399,-5.82192234,bw,-9.210340372,-9.210340372,-9.210340372
360,400,-6.160788541,bw,-9.210340372,-9.210340367,-9.210340372
361,401,-2.153518031,bw,-9.210340372,1.997702605,-9.210340372
362,402,-5.944119267,bw,-9.210340372,-9.210336982,-9.210340372
363,403,-5.511364334,bw,-9.210340372,-8.86831217,-9.210340372
364,404,3.094829951,bw,2.386935433,-0.31814128,1.061637053
365,405,-2.485946459,bw,-9.210340372,1.556901741,-9.208181704
366,406,-6.160532529,bw,-9.210340372,-9.210340349,-9.210340372
367,407,-5.82192234,bw,-9.210340372,-9.210340372,-9.210340372
368,408,-5.695952218,bw,-9.210340372,-8.118081557,-9.210340369
369,409,-6.453278803,bw,-9.210340372,-2.161085531,-9.210340372
370,410,-5.779956221,bw,-9.210340372,-9.158725629,-9.210340372
371,411,-3.715999805,bw,-9.210340372,0.497801173,-9.102832164
372,412,-5.666932411,bw,-9.210340372,-9.210322542,-9.210340372
373,413,0.597987718,bw,1.295849825,-0.241689469,0.463167818
374,414,-5.82192234,bw,-9.210340372,-9.210340372,-9.210340372
375,415,-5.82192234,bw,-9.210340372,-9.210340372,-9.210340372
376,416,-5.82192234,bw,-9.210340372,-9.210340372,-9.210340372
377,417,-4.261810603,bw,-9.210340372,3.739099548,-8.168298435
378,418,-3.644728266,bw,-9.210340372,3.125009003,-0.306796936
379,419,-5.822213856,bw,-9.210340372,-9.210340372,-9.210340372
380,420,3.553920229,bw,3.921381082,3.707212865,4.518414413
381,421,-5.573937484,bw,-9.210340372,-6.215108223,-9.210340372
382,422,-5.857558833,bw,-9.210340372,-9.210335112,-9.210340372
383,423,-6.063721567,bw,-9.210340372,-9.210339007,-9.210340372
384,424,-5.82192234,bw,-9.210340372,-9.210340372,-9.210340372
385,425,-5.407374301,bw,-8.52155268,-9.210340372,-9.210340372
386,426,-5.883767563,bw,-9.210340372,-9.210340372,-9.210340372
387,427,-5.321112853,bw,-9.210340372,-7.231548238,-9.210340372
388,428,-6.158443617,bw,-9.210340372,-9.210340336,-9.210340372
389,429,-5.82192234,bw,-9.210340372,-9.210340372,-9.210340372
390,430,-5.932092632,bw,-9.210340372,-9.210340372,-9.210340372
391,431,-5.82192234,bw,-9.210340372,-9.210340372,-9.210340372
392,432,-5.82192234,bw,-9.210340372,-9.210340372,-9.210340372
393,433,-5.82192234,bw,-9.210340372,-9.210340372,-9.210340372
394,434,-5.82192234,bw,-9.210340372,-9.210340372,-9.210340372
395,435,-5.982251251,bw,-9.210340372,-4.90034694,-9.210340372
396,436,-5.82192234,bw,-9.210340372,-9.210340372,-9.210340372
397,437,-7.33437837,bw,-3.220376951,-9.210340372,-9.210340372
398,438,-5.82192234,bw,-9.210340372,-9.210340372,-9.210340372
399,439,-5.82192234,bw,-9.210340372,-9.210340372,-9.210340372
400,440,-5.831892921,bw,-9.210340372,-9.210340372,-9.210340372
401,441,-5.82192234,bw,-9.210340372,-9.210340372,-9.210340372
402,442,-5.779005087,bw,-9.210340372,-9.157880758,-9.210340372
403,443,-5.82192234,bw,-9.210340372,-9.210340372,-9.210340372
404,444,-5.82192234,bw,-9.210340372,-9.210340372,-9.210340372
405,445,-5.82192234,bw,-9.210340372,-9.210340372,-9.210340372
406,446,-5.82192234,bw,-9.210340372,-9.210340372,-9.210340372
407,447,-5.82192234,bw,-9.210340372,-9.210340372,-9.210340372
408,448,-5.82192234,bw,-9.210340372,-9.210340372,-9.210340372
409,449,-5.82192234,bw,-9.210340372,-9.210340372,-9.210340372
410,450,-5.82192234,bw,-9.210340372,-9.210340372,-9.210340372
411,451,-5.82192234,bw,-9.210340372,-9.210340372,-9.210340372
412,452,-5.82192234,bw,-9.210340372,-9.210340372,-9.210340372
413,453,-5.82192234,bw,-9.210340372,-9.210340372,-9.210340372
414,454,-5.82192234,bw,-9.210340372,-9.210340372,-9.210340372
415,455,-5.82192234,bw,-9.210340372,-9.210340372,-9.210340372
416,456,-5.822883707,bw,-9.210340372,-9.210340372,-9.210340372
417,457,-5.82192234,bw,-9.210340372,-9.210340372,-9.210340372
418,458,-5.82192234,bw,-9.210340372,-9.210340372,-9.210340372
419,459,-6.132096173,bw,-9.210340372,-9.209259956,-9.21034037
420,460,-5.82193206,bw,-9.210340372,-9.210340372,-9.210340372
421,461,-2.968496068,bw,5.922114737,5.240688783,6.603266224
422,462,-5.82192234,bw,-9.210340372,-9.210340372,-9.210340372
423,463,-5.82192234,bw,-9.210340372,-9.210340372,-9.210340372
424,464,-5.82192234,bw,-9.210340372,-9.210340372,-9.210340372
425,465,-5.82192234,bw,-9.210340372,-9.210340372,-9.210340372
426,466,-5.82192234,bw,-9.210340372,-9.210340372,-9.210340372
427,467,-5.82192234,bw,-9.210340372,-9.210340372,-9.210340372
428,468,-5.82192234,bw,-9.210340372,-9.210340372,-9.210340372
429,469,-5.82192234,bw,-9.210340372,-9.210340372,-9.210340372
430,470,1.212285154,bw,2.853021738,-9.210340372,-9.21034033
431,471,-7.117398952,bw,-2.612512774,-9.210340372,-9.210340372
432,472,-7.733180617,bw,-9.210340372,-4.254513314,-2.703809207
433,473,-5.82192234,bw,-9.210340372,-9.210340372,-9.210340372
434,474,-5.30073259,bw,0.003095205,-9.210340372,-5.223952285
435,475,-6.698582057,bw,-9.210340372,-9.205026516,-0.625488532
436,476,-4.24641094,bw,-9.210340336,-9.199163071,2.148979265
437,477,-3.705023235,bw,-9.210340372,0.892448757,-5.339347716
438,478,-2.997929999,bw,-9.210248306,1.580853236,-0.762711644
439,479,-5.230918254,bw,-9.210340372,-6.217111229,0.650813628
440,480,-5.120213525,bw,-9.210340337,-9.210340372,1.252505793
441,481,-5.272160294,bw,-9.210340372,-9.039754071,0.697686861
442,482,3.209205935,bw,2.535290781,-0.587706668,1.698016394
443,483,-6.984584075,bw,-9.210340372,-6.696684309,-3.065940169
444,484,-6.894086151,bw,-9.210340372,-0.542144307,-4.974930369
445,485,-5.70151821,bw,-9.210340372,-9.085736209,-9.210340372
446,486,-4.008151259,bw,-9.210340372,0.432496447,-9.210334985
447,487,-5.82192234,bw,-9.210340372,-9.210340372,-9.210340372
448,488,-6.4779137,bw,-0.670212209,-9.210340372,-5.801505563
449,489,-4.563570213,bw,-9.210340372,0.183237804,-8.953684678
450,490,-3.463446456,bw,-9.210340362,1.854593413,-3.999216217
451,491,-5.580693214,bw,-9.210335019,-1.476219069,0.885872761
452,492,-2.370741545,bw,-9.210340372,1.396764359,-9.210340339
453,493,-7.25092024,bw,-9.210340372,-5.725414775,-3.182543896
454,494,-1.992746843,bw,-9.210340372,1.677862623,-9.210340372
455,495,-5.986964297,bw,-9.172842296,-9.210340314,0.430547888
456,496,-3.076585978,bw,-1.789162843,3.489516514,1.351987555
457,497,-5.821961218,bw,-9.210340372,-9.210340372,-9.210340372
458,498,-4.12279961,bw,-9.210340372,3.844602469,-9.197305694
459,499,-5.952676436,bw,-0.552863635,-7.1027974,-4.289629785
460,500,-6.074887117,bw,-9.210340372,-9.210339174,-9.210340372
461,501,-6.490915039,bw,-9.210340364,-9.210340074,-9.210340356
462,502,-5.82192234,bw,-9.210340372,-9.210340372,-9.210340372
463,503,-6.281323063,bw,-9.209819308,-9.210340372,-8.877374275
464,504,-5.833041986,bw,-9.210340372,-9.210340372,-9.210340372
465,505,-5.71851883,bw,-9.210340364,-8.025856244,-9.209811412
466,506,-6.160743684,bw,-9.210340372,-9.210340365,-9.210340372
467,507,1.59698496,bw,2.718666976,-9.210340372,-9.210340372
468,508,-5.842673764,bw,-9.210340372,-9.210340372,-9.210340372
469,509,-5.82192234,bw,-9.210340372,-9.210340372,-9.210340372
470,510,-5.82192234,bw,-9.210340372,-9.210340372,-9.210340372
471,511,-5.82192234,bw,-9.210340372,-9.210340372,-9.210340372
472,512,-5.82192234,bw,-9.210340372,-9.210340372,-9.210340372
473,513,-7.396121586,bw,-1.28880474,-5.792613688,-4.04841563
474,514,-5.82192234,bw,-9.210340372,-9.210340372,-9.210340372
475,515,-7.124086951,bw,-9.210340285,-9.210340372,-5.084174197
476,516,-5.719121357,bw,-9.210339071,-9.210340372,-9.210340372
477,517,-5.82192234,bw,-9.210340372,-9.210340372,-9.210340372
478,518,-5.823533298,bw,-9.210340372,-9.210340372,-9.210340372
479,519,-5.82192234,bw,-9.210340372,-9.210340372,-9.210340372
480,520,-6.198850497,bw,-9.198856564,-9.194565453,-9.204507417
481,521,-5.82192234,bw,-9.210340372,-9.210340372,-9.210340372
482,522,-5.140360349,bw,-9.210340372,3.77735039,-3.417631688
483,523,-6.193132994,bw,-9.196279688,-9.188569096,-9.20231764
484,524,-6.158343575,bw,-9.210340372,-9.210340372,-9.210340372
485,525,-5.950927925,bw,-9.210340372,-9.210340372,-9.210340372
486,526,-5.82192234,bw,-9.210340372,-9.210340372,-9.210340372
487,527,-7.042432728,bw,-1.757937921,-9.210340372,-9.210338407
488,528,-5.82192234,bw,-9.210340372,-9.210340372,-9.210340372
489,529,-6.077538698,bw,-9.210340372,-9.205001648,-9.210340372
490,530,-5.823911035,bw,-9.210340372,-9.210340372,-9.210340372
491,531,-3.824793571,bw,0.011038847,-9.210340372,-9.210340372
492,532,-5.82192234,bw,-9.210340372,-9.210340372,-9.210340372
493,533,-5.82192234,bw,-9.210340372,-9.210340372,-9.210340372
494,534,-5.82192234,bw,-9.210340372,-9.210340372,-9.210340372
495,535,-5.82192234,bw,-9.210340372,-9.210340372,-9.210340372
496,536,-5.82192234,bw,-9.210340372,-9.210340372,-9.210340372
497,537,-6.148678658,bw,-9.207895363,-9.097011687,-9.200350438
498,538,-5.82192234,bw,-9.210340372,-9.210340372,-9.210340372
499,539,-7.075180576,bw,-6.501623726,-9.210340372,-9.207333896
500,540,-5.82192234,bw,-9.210340372,-9.210340372,-9.210340372
501,541,-5.82192234,bw,-9.210340372,-9.210340372,-9.210340372
502,542,-5.82192234,bw,-9.210340372,-9.210340372,-9.210340372
503,543,-5.82192234,bw,-9.210340372,-9.210340372,-9.210340372
504,544,-6.173653684,bw,-9.210340372,-9.210330162,-9.210340368
505,545,-5.82192234,bw,-9.210340372,-9.210340372,-9.210340372
506,546,-6.068240432,bw,-9.210340372,-8.934528472,-9.21033842
507,547,2.218016499,bw,1.704402578,-0.605502671,1.792109408
508,548,-7.85734491,bw,-5.506818641,-0.288882793,-2.302585093
509,549,2.934789437,bw,1.930811014,-0.403916308,1.774460705
510,550,-5.803931902,bw,-9.210340372,-7.057880738,-9.189254255
511,551,0.084630022,bw,-0.357389485,1.665080734,1.145209574
512,552,-7.327385444,bw,-5.572228035,-8.370067127,-7.694114841
513,553,4.622588896,bw,1.812395083,0.631856712,1.09630964
514,554,-6.358625994,bw,-9.210340372,-9.205280196,-0.219649662
515,555,6.083229566,bw,1.784583785,1.603842286,2.063324863
516,556,6.580893441,bw,2.439743649,0.970816795,1.825371535
517,557,-5.843446651,bw,-9.210340372,-9.210340372,-9.210340372
518,558,-2.767540323,bw,0.905472424,-9.118098531,-5.031042104
519,559,-5.82192234,bw,-9.210340372,-9.210340372,-9.210340372
520,560,-6.262677078,bw,-9.210340372,-9.177447329,-9.210339865
521,561,-1.284459856,bw,0.171513358,0.407529642,0.248499359
522,562,-6.908205616,bw,-9.210340372,-3.770523443,-9.210311472
523,563,-1.233770794,bw,-7.828807328,1.392301283,0.944333823
524,564,-6.718608697,bw,-6.721275712,-7.787955191,-7.707374704
525,565,6.532775024,bw,2.08655369,1.740483719,2.064721228
526,566,-5.865240218,bw,-9.210340372,-6.805198691,-9.210340368
527,567,-6.200584906,bw,-9.210113398,-5.566458284,-8.998621838
528,568,-5.240021642,bw,-9.210340372,-7.860191457,-9.210340372
529,569,-6.138196143,bw,-9.210340372,-9.210340067,-9.210340372
530,570,-6.155599484,bw,-9.210340372,-9.210340299,-9.210340372
531,571,-5.82192234,bw,-9.210340372,-9.210340372,-9.210340372
532,572,-5.789824873,bw,-9.210228578,-9.210340372,-9.210340372
533,573,-5.824123993,bw,-9.210340372,-9.210340372,-9.210340372
534,574,-5.348642218,bw,-9.210340372,-8.588420701,-9.210340372
535,575,-6.161054684,bw,-9.210340372,-9.21034037,-9.210340372
536,576,-5.82192234,bw,-9.210340372,-9.210340372,-9.210340372
537,577,-5.826123345,bw,-9.210340372,-9.210340372,-9.210340372
538,578,-5.82192234,bw,-9.210340372,-9.210340372,-9.210340372
539,579,-5.82192234,bw,-9.210340372,-9.210340372,-9.210340372
540,580,-5.82192234,bw,-9.210340372,-9.210340372,-9.210340372
541,581,-5.82192234,bw,-9.210340372,-9.210340372,-9.210340372
542,582,-5.451181652,bw,-9.210340372,-6.628609538,-9.210340372
543,583,-5.82192234,bw,-9.210340372,-9.210340372,-9.210340372
544,584,-5.37341613,bw,-8.915881315,-9.210340372,-9.210340372
545,585,-5.82192234,bw,-9.210340372,-9.210340372,-9.210340372
546,586,-5.82192234,bw,-9.210340372,-9.210340372,-9.210340372
547,587,-5.82222357,bw,-9.210340372,-9.210340372,-9.210340372
548,588,-5.82192234,bw,-9.210340372,-9.210340372,-9.210340372
549,589,-5.705741067,bw,-9.210340372,-9.205318005,-9.210340372
550,590,-6.884945918,bw,-9.210340372,-1.521885015,-9.210002129
551,591,-7.535395227,bw,-9.109228871,-2.010662026,-5.72265953
552,592,-6.442545242,bw,-9.210340372,-9.210339392,-9.210340364
553,593,-4.727013271,bw,-9.210340372,-9.210340372,1.470198833
554,594,-5.645099739,bw,-9.210331647,-7.4102821,-9.193699601
555,595,-3.223990981,bw,-9.108686718,2.330209988,-0.761211911
556,596,-6.682697388,bw,-9.210340371,-3.632877264,-9.193060532
557,597,-7.519867429,bw,-2.321767912,-9.210340372,-8.519846709
558,598,-5.837526154,bw,-9.210340372,-7.059625228,-9.210339358
559,599,-6.125788575,bw,-9.210340372,-9.210048415,-9.210340352
560,600,-5.82192234,bw,-9.210340372,-9.210340372,-9.210340372
561,601,-5.82192234,bw,-9.210340372,-9.210340372,-9.210340372
562,602,-5.82192234,bw,-9.210340372,-9.210340372,-9.210340372
563,603,6.58107388,bw,2.675533896,2.382329295,2.53449808
564,604,-5.668756566,bw,-9.210340372,-9.210322992,-9.210340372
565,605,-4.620368997,bw,-9.210340372,-9.210340372,2.448424184
566,606,-6.115853364,bw,-7.82229754,-9.207565226,-9.17374811
567,607,-5.82194178,bw,-9.210340372,-9.210340372,-9.210340372
568,608,-5.711828142,bw,-9.210340372,-8.057239898,-9.210339692
569,609,-5.82201953,bw,-9.210340372,-9.210340372,-9.210340372
570,610,-3.146643028,bw,-2.275943162,1.648100778,0.323604082
571,611,-2.607783146,bw,-9.083443439,1.944923949,-0.327948666
572,612,-2.885210613,bw,-0.07396952,-7.281285769,0.911519367
573,613,-6.237496713,bw,-9.210340372,-9.210278794,-8.486179138
574,614,-3.52601813,bw,-3.974962805,0.501441732,1.890110476
575,615,-6.990913376,bw,-9.094871122,-0.818483672,-4.772287909
576,616,0.61175688,bw,-0.311701578,1.707308448,1.872893888
577,617,-5.339096811,bw,-9.210340372,-9.21034037,1.118447595
578,618,5.909763443,bw,2.464712446,0.67350554,1.683821561
579,619,0.717841429,bw,1.554369079,-4.206394066,1.028225589
580,620,-5.82192234,bw,-9.210340372,-9.210340372,-9.210340372
581,621,0.45093739,bw,2.320434834,-9.210340266,-7.828305068
582,622,-5.82192234,bw,-9.210340372,-9.210340372,-9.210340372
583,623,-7.077379313,bw,-9.210340372,-2.664129014,-9.210231578
584,624,0.014174004,bw,2.060144037,-5.676361879,-1.468372472
585,625,-6.264510682,bw,-9.210340372,-9.197177385,-9.206995971
586,626,-5.161869018,bw,-9.205235424,-2.967728077,1.795269967
587,627,-7.231538688,bw,-2.283763339,-9.210323472,-9.118198843
588,628,4.647918375,bw,2.402439478,0.211961262,1.664891541
589,629,-5.69330401,bw,-9.210340372,-9.210264975,-9.210340372
590,630,-3.541016558,bw,-9.210340336,0.788048186,-6.890701524
591,631,-7.7307365,bw,-1.956162526,-6.763654935,-4.843935118
592,632,-6.931181701,bw,-9.210340372,-9.210201082,-1.086782537
593,633,3.101432202,bw,1.186043022,0.736733351,0.862932148
594,634,2.11675894,bw,2.472336306,-1.251763468,1.060252538
595,635,-1.999749173,bw,-1.604450371,1.795436036,0.907088521
596,636,-4.816012073,bw,-9.210340372,-9.210340368,1.806828689
597,637,-3.497666367,bw,-8.992169162,0.895312213,-2.651858921
598,638,-9.194361717,bw,-4.908168963,-3.729701449,-4.493628811
599,639,-5.82192234,bw,-9.210340372,-9.210340372,-9.210340372
600,640,-6.710487879,bw,-9.20012275,-9.210340111,-9.210326922
601,641,-5.82192234,bw,-9.210340372,-9.210340372,-9.210340372
602,642,-7.222417251,bw,-8.945671074,-3.237803835,-6.314981073
603,643,-6.369399377,bw,-9.209419596,-5.154563403,-8.760794585
604,644,-7.249125327,bw,-9.210340372,-9.183386902,-4.455888483
605,645,1.690793537,bw,2.271826872,-2.536284158,1.078783661
606,646,-6.021229548,bw,-9.210340372,-9.210301443,-9.210340282
607,647,-4.467933469,bw,-8.551370643,0.472562852,-2.761292762
608,648,-5.668029964,bw,-9.210340372,-9.210168587,-9.210340372
609,649,-1.593184054,bw,-0.02583076,0.497193122,0.167292518
610,650,-5.942956858,bw,-9.210340372,-0.45082865,-9.210072408
611,651,-0.88669123,bw,1.520847107,-1.675577715,-0.187776407
612,652,-7.126475049,bw,-2.000260744,-9.210332131,-9.125098894
613,653,0.788093065,bw,2.434498928,-4.817373797,-0.273910668
614,654,-7.613689741,bw,-9.210340372,-4.584387647,-2.141316945
615,655,-2.913916059,bw,0.105350516,-1.99289694,1.863785514
616,656,6.574526676,bw,2.044474768,1.458638278,2.062689507
617,657,-5.666972562,bw,-9.210340372,-9.210290403,-9.210340372
618,658,-8.337530672,bw,-1.366099654,-2.848002162,-2.390542372
619,659,-5.82192234,bw,-9.210340372,-9.210340372,-9.210340372
620,660,-6.510422778,bw,-9.210340371,-9.210340339,-9.21034037
621,661,-2.168098361,bw,-2.501523956,1.697650235,1.438673316
622,662,-2.548793711,bw,-9.210340372,1.047003155,-9.210340204
623,663,-4.527627639,bw,-3.942482213,1.074353749,-0.493804639
624,664,-7.136127362,bw,-9.122989053,-0.912547746,-4.724404274
625,665,-1.134857534,bw,0.690192821,-1.320132159,1.880548432
626,666,-5.499838519,bw,-9.210340372,-0.237496058,-9.210338628
627,667,-5.961300067,bw,-9.111400424,-9.20935296,-9.206732887
628,668,-6.632796913,bw,-9.210340372,-8.673379275,-6.258559986
629,669,-4.599866988,bw,-9.210340372,-9.210340372,1.698748311
630,670,-6.947852009,bw,-9.210340372,-9.206981021,-6.202679528
631,671,-3.687854537,bw,-9.184955316,0.947052694,-3.411247718
632,672,-5.973838975,bw,-9.210340372,-8.885507034,-9.198204313
633,673,-7.063252648,bw,-9.210340372,-2.473017605,-9.209803116
634,674,-5.355991441,bw,-9.210340372,-7.048742972,-9.210340372
635,675,-1.93787934,bw,-9.210340372,1.529550193,-9.210340372
636,676,-5.82192234,bw,-9.210340372,-9.210340372,-9.210340372
637,677,-4.838093396,bw,-9.210340372,-9.210340372,1.313212785
638,678,-6.741948915,bw,-9.210340372,-1.500135178,-9.210340257
639,679,6.747595313,bw,3.013085826,1.475929377,1.795269967
640,680,-7.653726004,bw,-9.210340372,-3.70176208,-5.706586402
641,681,-2.102137227,bw,-9.210340372,1.905400606,-9.210340372
642,682,-5.73502575,bw,-9.210340372,-8.391001166,-9.201033813
643,683,-2.110336955,bw,-9.210340372,1.920606993,-9.210340372
644,684,-4.772127063,bw,-9.210340372,-9.210340372,2.140313192
645,685,-1.961874985,bw,1.167547381,-6.311118999,-2.601125909
646,686,5.883766089,bw,1.665269891,1.358948858,2.081826196
647,687,-4.401634714,bw,-9.210340372,-9.210113998,1.789105952
648,688,-2.956296696,bw,-3.64008929,1.826015958,0.966641582
649,689,-2.781360922,bw,-0.043638457,0.138108402,-0.014200349
650,690,-5.822155566,bw,-9.210340372,-9.210340372,-9.210340372
651,691,-7.235139824,bw,-5.827646462,-9.204635675,-9.041188489
652,692,-5.82192234,bw,-9.210340372,-9.210340372,-9.210340372
653,693,-5.776253209,bw,-9.210309742,-8.663954573,-9.203929963
654,694,-7.390500474,bw,-7.362515679,-0.640744502,-3.230189585
655,695,-6.176568411,bw,-9.210340372,-5.661297863,-9.097815581
656,696,0.800453168,bw,0.024790169,0.761786656,2.06889866
657,697,-6.026268788,bw,-9.210298473,-8.97353063,-9.206288592
658,698,-2.760869946,bw,-2.711606517,1.815655016,0.927468032
659,699,-5.332631627,bw,-9.210340372,-8.549148363,-9.210340372
660,700,-9.258612378,bw,-4.919059351,-3.467978415,-4.391673012
661,701,-8.646052707,bw,-1.645583359,-2.723265367,-2.541096121
662,702,-6.634112474,bw,-9.210340372,-9.210340372,-0.479650006
663,703,-6.003880294,bw,-9.010097041,-5.944962713,-8.051260337
664,704,-7.536317744,bw,-4.969877302,-9.208539994,-9.066066883
665,705,-5.82192234,bw,-9.210340372,-9.210340372,-9.210340372
666,706,-6.140388629,bw,-9.201193334,-9.210340372,-9.210340372
667,707,-5.82192234,bw,-9.210340372,-9.210340372,-9.210340372
668,708,-3.123345158,bw,-8.944137331,2.208505156,-1.096614286
669,709,-6.256792696,bw,-9.209527902,-9.21021318,-9.210230178
670,710,-6.64384158,bw,-9.210340372,-9.210340371,-0.051819749
671,711,0.082947558,bw,2.279224343,-9.195244884,-2.168928708
672,712,-5.719546125,bw,-9.210340372,-9.210340372,-9.210340372
673,713,-5.591958219,bw,-8.59315673,-7.023839758,-8.183940417
674,714,-5.823988484,bw,-9.210340372,-9.210340372,-9.210340372
675,715,1.246881492,bw,-0.010050336,1.899432309,2.169179407
676,716,-4.865595016,bw,-9.210340372,-9.210340148,1.815980426
677,717,0.400814473,bw,-0.122619714,1.466052413,0.91232287
678,718,-0.014797671,bw,1.940337508,-2.160217852,-0.095080206
679,719,-5.82192234,bw,-9.210340372,-9.210340372,-9.210340372
680,720,-6.77374307,bw,-1.646101897,-9.210329922,-9.080101895
681,721,-5.82192234,bw,-9.210340372,-9.210340372,-9.210340372
682,722,-6.275486031,bw,-9.21034037,-5.080467804,-9.203717353
683,723,-9.309183046,bw,-2.816415226,-3.365347729,-3.381983163
684,724,-5.962112773,bw,-9.210340372,-8.870872626,-9.092824039
685,725,-6.281622015,bw,-3.51257597,-1.159636991,2.077952934
686,726,-6.060873755,bw,-9.155170601,-9.209299913,-9.207455537
687,727,1.797888447,bw,0.488027715,1.185431981,0.871753511
688,728,-5.700571264,bw,-9.210340372,-9.206063531,-9.210340372
689,729,-6.644531905,bw,-9.020216003,-0.582321625,-4.33133352
690,730,-6.551805803,bw,-9.210340372,-9.210243417,-0.484345991
691,731,-6.783235369,bw,-9.210340372,-7.54471118,-1.885850393
692,732,-6.380955626,bw,-9.210340372,-1.788564578,-9.210340372
693,733,-2.643936814,bw,-9.210340372,1.928923838,-9.207742749
694,734,-6.161161268,bw,-9.210340372,-9.210340372,-9.210340372
695,735,-7.812406147,bw,-3.239078532,-9.210340372,-8.834098123
696,736,-6.829658901,bw,-9.210340372,-6.266427847,-6.037717932
697,737,-6.673695723,bw,-9.210330521,-0.825764705,-7.424263686
698,738,-3.983902495,bw,-9.210340356,-8.689049698,1.889657208
699,739,-2.539408123,bw,-9.210340372,1.248783633,-9.210307473
700,740,-6.608913222,bw,-9.210340372,-9.209884476,-0.554081132
701,741,-2.692800177,bw,-9.210340372,0.720810985,-9.210340372
702,742,-7.309432013,bw,-9.210052713,-9.210340372,-1.814618763
703,743,3.005372025,bw,1.643278796,-0.072678225,1.903315751
704,744,-5.821980656,bw,-9.210340372,-9.210340372,-9.210340372
705,745,0.240478365,bw,2.277174973,-9.207657973,-4.490949042
706,746,-5.82192234,bw,-9.210340372,-9.210340372,-9.210340372
707,747,-5.762655894,bw,-9.210340372,-8.453279866,-9.210340113
708,748,1.325792712,bw,1.998516153,-0.903621329,0.501441732
709,749,-6.190943569,bw,-9.210340372,-6.129348254,-9.210324912
710,750,-2.525143664,bw,-9.200241537,0.596691345,0.750047228
711,751,-7.912857759,bw,-2.393823573,-9.079136686,-7.153144439
712,752,6.800201757,bw,2.414135412,1.799578818,2.07079174
713,753,-5.9210208,bw,-9.210340372,-8.801746829,-9.210340357
714,754,-6.777271147,bw,-9.210340268,-3.14400029,-9.081155914
715,755,-6.143579962,bw,-9.210340372,-9.21034014,-9.210340372
716,756,-3.511417826,bw,0.710053461,-5.559941905,-2.558639308
717,757,-5.82192234,bw,-9.210340372,-9.210340372,-9.210340372
718,758,-6.12402959,bw,-9.210340372,-9.210323932,-9.210340367
719,759,0.854899126,bw,-0.056041391,1.711470898,1.354829493
720,760,-5.529199188,bw,-9.210340372,-0.273253336,-9.210339972
721,761,-3.050027509,bw,-7.243367885,1.700575764,-0.306117635
722,762,-8.295526794,bw,-7.038775541,-3.08938383,-4.911016229
723,763,4.781161159,bw,1.973678167,0.390080706,1.918700443
724,764,-6.954001798,bw,-9.210340372,-2.219163485,-9.21033894
725,765,-6.167634557,bw,-9.209625128,-9.098173075,-9.203399516
726,766,-6.843152134,bw,-9.210340372,-3.404001309,-9.210340371
727,767,-6.278551201,bw,-9.210340372,-9.104270108,-9.210335388
728,768,-5.82192234,bw,-9.210340372,-9.210340372,-9.210340372
729,769,-6.011842035,bw,-9.210340372,-9.210338187,-9.210340372
730,770,-5.742654398,bw,-9.210340372,-9.12489689,-9.210340372
731,771,-6.16036982,bw,-9.210340372,-9.210340361,-9.210340372
732,772,-6.040639045,bw,-9.210340372,-6.155396239,-9.21034017
733,773,-5.822476077,bw,-9.210340372,-9.210340372,-9.210340372
734,774,-8.043837688,bw,-3.311813821,-7.780268389,-6.105753694
735,775,-5.82192234,bw,-9.210340372,-9.210340372,-9.210340372
736,776,-5.844413322,bw,-9.210340372,-9.210340372,-9.210340372
737,777,-5.82192234,bw,-9.210340372,-9.210340372,-9.210340372
738,778,1.322731703,bw,2.407854605,-4.313994224,0.370942674
739,779,-3.961858103,bw,-9.210340372,0.239095638,-9.210340372
740,780,-5.78998615,bw,-9.210024722,-7.067454658,-9.123704065
741,781,0.005087729,bw,-0.659519,1.716514954,1.95375076
742,782,-0.062051185,bw,2.05272532,-9.199360868,-4.467148888
743,783,-3.289496521,bw,-9.210340372,1.392798165,-5.366168033
744,784,-5.720208658,bw,-9.210340371,-9.210340372,-9.210340372
745,785,-5.82192234,bw,-9.210340372,-9.210340372,-9.210340372
746,786,-5.82192234,bw,-9.210340372,-9.210340372,-9.210340372
747,787,-5.82192234,bw,-9.210340372,-9.210340372,-9.210340372
748,788,-5.82192234,bw,-9.210340372,-9.210340372,-9.210340372
749,789,-5.82194178,bw,-9.210340372,-9.210340372,-9.210340372
750,790,-5.82192234,bw,-9.210340372,-9.210340372,-9.210340372
751,791,-5.82192234,bw,-9.210340372,-9.210340372,-9.210340372
752,792,-5.82192234,bw,-9.210340372,-9.210340372,-9.210340372
753,793,-6.106740003,bw,-9.210340372,-9.210339631,-9.210340372
754,794,-4.385093376,bw,-9.210340372,-9.210340372,2.431866216
755,795,-6.541781739,bw,-7.054632475,-9.21015119,-9.195648823
756,796,-5.82192234,bw,-9.210340372,-9.210340372,-9.210340372
757,797,-6.048572415,bw,-9.210340372,-8.964340039,-9.210340202
758,798,-5.82192234,bw,-9.210340372,-9.210340372,-9.210340372
759,799,-2.898977032,bw,-1.595535007,1.166924929,0.058363243
760,800,-3.590963975,bw,-9.210340372,0.401524019,-9.210340372
761,801,-3.355771792,bw,-9.210318212,1.49449833,-3.69248595
762,802,-5.39304777,bw,0.16220388,-2.053384007,-1.178955041
763,803,1.424442531,bw,1.6565314,-0.336872317,0.530687073
764,804,-6.681748662,bw,-9.210340372,-1.260543156,-9.207407677
765,805,-6.211128379,bw,-9.210340372,-9.198728057,-9.210338385
766,806,-6.541829879,bw,-9.210340372,-1.145703896,-8.989439333
767,807,-1.927817882,bw,-9.210340372,1.270911568,-9.210340372
768,808,-6.481553213,bw,-9.210340372,-5.179113119,-9.210329512
769,809,-1.955559626,bw,-9.210340372,1.583730285,-9.210340372
770,810,-5.556734733,bw,-9.210340372,-9.210340148,0.881740694
771,811,-6.673919614,bw,-9.210340372,-4.394909261,-9.20853101
772,812,-1.698987151,bw,-9.167165947,0.963212485,0.706112763
773,813,-6.380748899,bw,-9.210340372,-3.434547361,-9.210340372
774,814,-1.51179055,bw,1.245910976,-8.631986949,-3.875691076
775,815,-8.061459276,bw,-3.435788826,-8.8147236,-7.141707029
776,816,-3.543695713,bw,-9.210340361,1.877187649,-2.805111914
777,817,-5.986282553,bw,-9.210340372,-9.210340372,-9.210340372
778,818,-5.706722178,bw,-9.210340372,-8.22601723,-9.210340358
779,819,-6.564407322,bw,-9.210339682,-4.084592271,-9.10787404
780,820,-6.161165248,bw,-9.210340372,-9.210340372,-9.210340372